player_name,points_amsterdam,points_london,points_total
Ernesto Jacopo Varriale,18,18,36
Hayden Dubock,18,16,34
Max Roovers,18,14,32
Oscar Jocqué,15,15,30
Morgan Fussell,15,10,25
Gus Vanpoucke,13,12,25
Phillip Drage,19,3,22
Kieran Edwards,15,7,22
Oscar Francisco,12,9,21
Ross Mckendrick,19,0,19
Kai Schäfer,18,0,18
Karl Niklas,9,9,18
Jamie Shergold,0,18,18
Keira Randall,0,17,17
Tom Grange,0,17,17
Mark Hollings,0,17,17
Mattia Paglino,16,0,16
Iain Ligthart,16,0,16
Daniel Vaughan,0,16,16
Dan Newman,0,16,16
Jordan Payne,0,16,16
Dylan Van Gelder,15,0,15
Tom De Ruiter,15,0,15
Marco Lazzari,15,0,15
Simon Isphording,15,0,15
Stefan Gussenhoven,15,0,15
Felix Watermann,15,0,15
Michael Joseph Purcell,15,0,15
Haron Tuin,15,0,15
Jonathan,15,0,15
Tim Bunnik,15,0,15
Cameron Sidhu,9,6,15
Christian Browne,0,15,15
Ethan Mellor,0,15,15
Robert Stoddart,0,15,15
Dario Blandford,0,15,15
Marco De Pasquale,0,15,15
David Steketee,0,15,15
Michael Brand,0,15,15
Adam Crick,0,15,15
Neil Burbidge,0,15,15
Jacob Crook,0,15,15
Potestasnecis,13,0,13
Benjamin Mul,13,0,13
Jelle Schneider,13,0,13
Wilson,13,0,13
Hidde Van 'T Verlaat,13,0,13
Jörg Vondenhoff,13,0,13
Vitaly Svetlov,13,0,13
Katie Berlin,6,7,13
Niko Battistini,0,13,13
James Taylor,0,13,13
Craig Long,0,13,13
Michael Whelan,0,13,13
David Horvath,12,0,12
Julian Dornebusch,12,0,12
Thomas Wood,12,0,12
Leonardo Paternotte,12,0,12
Nicolas Bordenabe,12,0,12
Ruben Drabbels,12,0,12
Marius Bergwerff,12,0,12
Toon De Vet,12,0,12
Mario Giordano,12,0,12
Owenp,12,0,12
Jarno Polhuijs,12,0,12
Francesco Agnesi,12,0,12
Tomas Gonzalez,12,0,12
Stefan Pouwelse,12,0,12
Ben Van Wijk,12,0,12
Vincent Zwinkels,12,0,12
Neil,12,0,12
Tobias Van Kersbergen,12,0,12
Robbert,12,0,12
Marcel Hogewoning,12,0,12
Joshua Daniels-Kemp,0,12,12
Paulo Sabino,0,12,12
Josh Chiswell,0,12,12
Liam W,0,12,12
James Ball,0,12,12
Idris Killen,0,12,12
Karl Crick,0,12,12
Ted Newman,0,12,12
Finlay Player,0,12,12
Jack J,0,12,12
Ishan Huria,0,12,12
Alessio Mellina,0,12,12
Francis Tyler,0,12,12
Jack Service,0,12,12
Noah Shane,0,12,12
Koen Zuidberg,11,0,11
Craig Tanner,0,11,11
Alexander Boon,10,0,10
Floris Heins,10,0,10
Patrick Heijna,10,0,10
Timo Vogelfänger,10,0,10
Kai Schutte,10,0,10
Robert Kropholler,3,7,10
Alex Armstrong,0,10,10
Chris Payne,0,10,10
Kieran Goldsworthy,0,10,10
Pedro Neves,0,10,10
Antoni Zewierzejew,0,10,10
Connor Mcconnell,0,10,10
Youri Van Der Zee,9,0,9
Youri Bakker,9,0,9
Raven De Bruin,9,0,9
Noah Westerweel,9,0,9
Luiz Francisco Scudelari De Macedo,9,0,9
Mick,9,0,9
Benjamin Haude,9,0,9
Bram Deppenbroek,9,0,9
Lisa-Marie Bliek,9,0,9
Raymond Anderson,9,0,9
Vince Kors,9,0,9
Gianluca Ramaccia,9,0,9
Max Moriette-Sala,9,0,9
Tijmen Van Der Kamp,9,0,9
Francesco Simonetto,9,0,9
Abe Mulder,9,0,9
Tiff Kraan,9,0,9
Axel Quasten,9,0,9
Klaas-Jan Gorter,9,0,9
Erik De Waard,9,0,9
Floris Stapel,9,0,9
Oscar Mitcham,0,9,9
Miles Stevenson,0,9,9
Matt Wood,0,9,9
James Barton,0,9,9
Alex Symons,0,9,9
Jordan Beqiraj,0,9,9
Cj Richard,0,9,9
Luke Merryweather,0,9,9
Sam Stokes,0,9,9
Jack Goodchild,0,9,9
Miguel Nassib,0,9,9
Aaron Linstead,0,9,9
Dave Corbett-Neary,0,9,9
Diego Barbagelata,0,9,9
Jack Kirby,0,9,9
Ruggero Caccamo,0,9,9
Lars Broekhof,8,0,8
Yuri Stevens Van Swaay,8,0,8
Jamie Rigg,0,8,8
Matteo Bellante,7,0,7
Luka Pasalic,7,0,7
Johannes Theiß,7,0,7
Harm Steenbakkers,7,0,7
Diego Orlandini,7,0,7
Jasper Roelfsema,7,0,7
Donato Bliek,7,0,7
Kirill Halstead,0,7,7
Shemek P,0,7,7
Hector Lancaster,0,7,7
Alisa Farenzena,0,7,7
Gabriel Roels,0,7,7
Jason Brooks,0,7,7
Thomas Gray,0,7,7
Callum Green,0,7,7
Rafiq Dewshi,0,7,7
Abe Jenkins,0,7,7
Fluxx Vaizey,0,7,7
Mitch Van Der Heijden,6,0,6
Tim Laros,6,0,6
Soufian Hriz,6,0,6
Rob Lamers,6,0,6
Marc Bosserhoff,6,0,6
Jaron Polhuijs,6,0,6
Stefan Vlijm,6,0,6
Ivan Kors,6,0,6
Wouter Hordijk,6,0,6
Arne De Greef,6,0,6
Emanuele Rolando,6,0,6
Dylan Holly,6,0,6
Ravi Breugom,6,0,6
F.C Jonkman,6,0,6
Eef Vv,6,0,6
Susie Lee,0,6,6
Max Watson,0,6,6
Guilherme Cunha,0,6,6
Paul Thomas,0,6,6
Vincent L,0,6,6
Jack Varnham,0,6,6
Ross Gray,0,6,6
Roman Waters,0,6,6
Sol Stott,0,6,6
Frank Kortsmit,5,0,5
Boris Romero,5,0,5
Lewis Finn,0,5,5
Yannic Van Heereveld,4,0,4
Jerwin Pouwelse,4,0,4
Todor Bachvarov,0,4,4
Jack Livingstone,0,4,4
Thijs Deckers,3,0,3
Maeve Powlick,3,0,3
Jasper Jonkman,3,0,3
Marco Giocondo Mignone,3,0,3
Ben Luis Hack,3,0,3
Dennis Puetz,3,0,3
Leo Weiler,3,0,3
Richard Foote,0,3,3
Gwilym Lewis,0,3,3
Callum Saul,0,3,3
Thomas Whittaker,0,3,3
Grace Teague,0,3,3
Morgan Privitera,1,0,1
